                  epoch,         train/box_loss,         train/cls_loss,         train/dfl_loss,   metrics/precision(B),      metrics/recall(B),       metrics/mAP50(B),    metrics/mAP50-95(B),           val/box_loss,           val/cls_loss,           val/dfl_loss,                 lr/pg0,                 lr/pg1,                 lr/pg2
                      1,                 4.6652,                 4.9333,                 3.5286,                0.00033,                0.00152,                 0.0001,                  2e-05,                 4.5262,                    inf,                 6.7351,             0.00065152,             0.00065152,             0.00065152
                      2,                 3.1679,                 2.2758,                 1.9162,                0.00169,                0.01486,                0.00086,                0.00036,                 4.0653,                    inf,                 3.6849,              0.0013156,              0.0013156,              0.0013156
                      3,                 2.9269,                  2.112,                 1.6994,                0.00014,                0.00038,                  2e-05,                  1e-05,                 4.4893,                    inf,                 26.386,               0.001977,               0.001977,               0.001977
                      4,                 2.8304,                  2.054,                 1.5883,                0.00117,                0.01029,                0.00059,                0.00023,                 4.3699,                 7.7732,                 4.7374,              0.0019881,              0.0019881,              0.0019881
                      5,                 2.7735,                  1.964,                  1.547,                0.39811,                0.25989,                0.21933,                0.07348,                 2.5062,                 2.5118,                 1.4027,              0.0019881,              0.0019881,              0.0019881
                      6,                 2.7666,                 1.9804,                 1.4956,                0.33623,                0.28239,                0.21923,                 0.0798,                 2.5004,                 2.0691,                 1.4225,              0.0019842,              0.0019842,              0.0019842
                      7,                 2.7523,                 1.9015,                 1.4571,                0.34525,                0.26258,                0.17042,                0.05733,                 2.4617,                 2.6196,                  1.441,              0.0019802,              0.0019802,              0.0019802
                      8,                 2.6942,                  1.907,                 1.4596,                0.40571,                0.31669,                0.23621,                0.08096,                 2.4394,                  1.709,                 1.3772,              0.0019762,              0.0019762,              0.0019762
                      9,                  2.667,                 1.8418,                 1.4109,                0.41113,                0.31021,                0.28077,                0.09609,                 2.4699,                 1.5417,                 1.4041,              0.0019723,              0.0019723,              0.0019723
                     10,                 2.6791,                 1.8438,                  1.399,                0.46734,                0.32088,                0.28253,                0.09231,                 2.4136,                 1.5518,                  1.372,              0.0019683,              0.0019683,              0.0019683
                     11,                 2.6601,                 1.8088,                 1.4034,                0.44532,                0.31055,                0.26554,                 0.0918,                 2.4081,                 1.8889,                 1.3643,              0.0019644,              0.0019644,              0.0019644
                     12,                 2.5943,                 1.7893,                 1.3776,                 0.4458,                0.31898,                0.29889,                0.10084,                 2.3874,                 1.5896,                 1.3372,              0.0019604,              0.0019604,              0.0019604
                     13,                 2.5977,                 1.7715,                 1.3752,                0.33396,                0.32203,                0.17865,                0.06044,                 2.4357,                 5.2077,                  1.348,              0.0019564,              0.0019564,              0.0019564
                     14,                 2.6211,                 1.8268,                  1.384,                0.25977,                0.32736,                0.14079,                0.04858,                 2.4676,                 13.229,                 1.3204,              0.0019525,              0.0019525,              0.0019525
                     15,                 2.5933,                  1.778,                 1.3533,                0.45663,                0.33051,                0.30927,                0.10814,                  2.395,                 1.5367,                   1.33,              0.0019485,              0.0019485,              0.0019485
                     16,                 2.6046,                 1.7769,                 1.3612,                0.42126,                0.35213,                 0.2904,                0.10071,                 2.3724,                 1.5998,                 1.3048,              0.0019446,              0.0019446,              0.0019446
                     17,                 2.5652,                 1.7521,                 1.3588,                0.44097,                0.33308,                0.27015,                0.09186,                 2.3865,                 1.7702,                 1.3375,              0.0019406,              0.0019406,              0.0019406
                     18,                 2.6056,                 1.8024,                 1.3337,                0.50166,                0.34337,                0.32046,                0.11183,                 2.3777,                 1.6267,                  1.318,              0.0019366,              0.0019366,              0.0019366
                     19,                 2.5764,                 1.7635,                 1.3393,                0.51838,                0.33308,                0.33179,                0.11673,                 2.3395,                 1.5893,                 1.2951,              0.0019327,              0.0019327,              0.0019327
                     20,                 2.5663,                 1.7368,                 1.3127,                0.51075,                0.34299,                0.33463,                0.11813,                 2.3886,                 1.4718,                 1.3251,              0.0019287,              0.0019287,              0.0019287
                     21,                 2.5556,                 1.7389,                 1.3117,                0.52254,                0.32157,                0.33134,                0.11546,                  2.448,                 1.5517,                 1.3011,              0.0019248,              0.0019248,              0.0019248
                     22,                 2.5628,                 1.7376,                 1.3072,                0.45464,                0.34604,                0.28151,                0.09678,                 2.3536,                 2.0513,                 1.2652,              0.0019208,              0.0019208,              0.0019208
                     23,                 2.5217,                 1.6858,                 1.2879,                0.44043,                0.32012,                0.29433,                 0.1009,                 2.4065,                  1.624,                 1.2749,              0.0019168,              0.0019168,              0.0019168
                     24,                 2.5497,                  1.725,                 1.3111,                0.51445,                0.35556,                0.35234,                0.12561,                 2.3392,                 1.4748,                 1.2815,              0.0019129,              0.0019129,              0.0019129
                     25,                 2.4929,                 1.6642,                 1.2794,                0.53043,                0.33155,                0.34116,                0.12212,                 2.3342,                 1.4495,                 1.2721,              0.0019089,              0.0019089,              0.0019089
                     26,                 2.5144,                 1.6744,                 1.2902,                0.51798,                0.35366,                0.31552,                0.11034,                 2.3068,                 1.6399,                 1.2586,               0.001905,               0.001905,               0.001905
                     27,                 2.5039,                 1.6402,                 1.2755,                0.48271,                0.35595,                0.28315,                0.09634,                 2.3503,                  1.994,                  1.284,               0.001901,               0.001901,               0.001901
                     28,                 2.4928,                  1.647,                 1.2767,                0.51881,                0.33346,                0.33691,                0.10914,                 2.4526,                 1.6066,                 1.3024,               0.001897,               0.001897,               0.001897
                     29,                 2.4765,                 1.6307,                 1.2787,                0.54729,                0.34718,                0.35204,                0.12529,                 2.3352,                 1.4514,                 1.2655,              0.0018931,              0.0018931,              0.0018931
                     30,                 2.5218,                 1.6631,                  1.288,                0.58116,                0.33525,                  0.325,                0.10923,                 2.3679,                  1.643,                 1.2939,              0.0018891,              0.0018891,              0.0018891
                     31,                 2.4824,                 1.6298,                 1.2795,                0.47965,                 0.3468,                0.26652,                0.09238,                 2.3306,                 2.8876,                 1.2827,              0.0018852,              0.0018852,              0.0018852
                     32,                  2.467,                 1.6022,                 1.2747,                0.54416,                0.34527,                0.32166,                0.11429,                 2.3118,                 1.5263,                 1.2814,              0.0018812,              0.0018812,              0.0018812
                     33,                 2.4576,                 1.5852,                 1.2773,                0.57581,                0.35976,                0.37459,                0.12878,                 2.3566,                 1.4309,                 1.2753,              0.0018772,              0.0018772,              0.0018772
                     34,                 2.4588,                 1.5586,                 1.2619,                0.56468,                0.33194,                0.33556,                0.11901,                 2.3686,                  1.448,                  1.304,              0.0018733,              0.0018733,              0.0018733
                     35,                 2.4441,                 1.5665,                 1.2556,                0.57862,                0.38529,                0.37415,                0.12821,                 2.3077,                 1.4337,                 1.2579,              0.0018693,              0.0018693,              0.0018693
                     36,                 2.4024,                 1.5548,                 1.2474,                0.62728,                0.35899,                0.39182,                0.13924,                  2.339,                 1.3408,                 1.2702,              0.0018654,              0.0018654,              0.0018654
                     37,                 2.4008,                 1.5592,                 1.2476,                0.59246,                0.37614,                0.37292,                0.12515,                 2.3058,                 1.4467,                  1.255,              0.0018614,              0.0018614,              0.0018614
                     38,                 2.4296,                  1.554,                 1.2519,                0.58953,                0.38872,                0.39088,                0.13332,                 2.3206,                 1.4103,                 1.2651,              0.0018574,              0.0018574,              0.0018574
                     39,                 2.4135,                 1.5206,                 1.2473,                0.58788,                0.38148,                0.39292,                0.13711,                 2.3226,                 1.4144,                 1.2662,              0.0018535,              0.0018535,              0.0018535
                     40,                 2.3943,                 1.4962,                 1.2491,                0.58332,                0.36014,                0.34039,                0.11486,                 2.3645,                 1.5743,                 1.2856,              0.0018495,              0.0018495,              0.0018495
                     41,                 2.3596,                 1.4843,                 1.2323,                0.61638,                0.36471,                0.36547,                0.12903,                 2.3187,                 1.4628,                 1.2632,              0.0018456,              0.0018456,              0.0018456
                     42,                 2.3618,                 1.4919,                 1.2345,                0.62208,                0.36433,                0.39881,                0.14212,                 2.3219,                 1.3495,                 1.2548,              0.0018416,              0.0018416,              0.0018416
                     43,                 2.3543,                 1.4679,                  1.231,                0.60772,                0.37077,                0.38161,                0.13533,                  2.278,                 1.4218,                  1.251,              0.0018376,              0.0018376,              0.0018376
                     44,                 2.3546,                 1.4536,                  1.237,                0.64701,                0.37232,                0.40519,                0.14242,                 2.3037,                 1.3612,                 1.2564,              0.0018337,              0.0018337,              0.0018337
                     45,                 2.3361,                  1.465,                 1.2267,                0.62523,                0.39367,                0.39701,                0.13979,                 2.3002,                 1.3468,                 1.2475,              0.0018297,              0.0018297,              0.0018297
                     46,                 2.3278,                 1.4579,                 1.2206,                0.63344,                0.36776,                 0.3819,                0.13605,                 2.2968,                 1.3498,                 1.2608,              0.0018258,              0.0018258,              0.0018258
                     47,                 2.3392,                 1.4718,                 1.2196,                0.57494,                 0.3548,                0.35886,                0.12627,                  2.301,                 1.3787,                 1.2647,              0.0018218,              0.0018218,              0.0018218
                     48,                 2.3487,                 1.4757,                 1.2233,                0.61521,                 0.3811,                0.40394,                0.14006,                 2.2998,                 1.3264,                 1.2581,              0.0018178,              0.0018178,              0.0018178
                     49,                 2.3249,                 1.4341,                  1.211,                0.63237,                0.36623,                0.39681,                0.13946,                 2.3139,                 1.3714,                 1.2565,              0.0018139,              0.0018139,              0.0018139
                     50,                 2.2826,                 1.3897,                 1.2136,                0.64681,                0.36166,                0.39106,                0.13893,                 2.3217,                 1.3993,                 1.2707,              0.0018099,              0.0018099,              0.0018099
                     51,                  2.304,                 1.3814,                 1.2113,                0.64552,                0.39291,                0.42003,                0.15029,                  2.304,                 1.2684,                 1.2642,               0.001806,               0.001806,               0.001806
                     52,                 2.3264,                 1.4437,                 1.2175,                0.63544,                0.37691,                0.39952,                0.13633,                 2.3289,                   1.36,                 1.2629,               0.001802,               0.001802,               0.001802
                     53,                 2.2956,                 1.3983,                 1.2235,                0.62848,                0.38529,                0.40356,                0.13591,                 2.3608,                 1.3329,                 1.2655,               0.001798,               0.001798,               0.001798
                     54,                 2.2897,                 1.4056,                 1.1942,                0.63916,                0.38643,                 0.3934,                0.13588,                 2.3254,                 1.3811,                 1.2722,              0.0017941,              0.0017941,              0.0017941
                     55,                 2.2702,                 1.3815,                   1.21,                0.63409,                0.37974,                0.38811,                0.13934,                 2.2686,                 1.3028,                 1.2577,              0.0017901,              0.0017901,              0.0017901
                     56,                 2.2833,                 1.3797,                 1.1943,                0.67528,                0.38992,                0.42513,                0.14792,                 2.3041,                 1.2904,                 1.2676,              0.0017862,              0.0017862,              0.0017862
                     57,                 2.2589,                 1.3779,                 1.1935,                0.60719,                0.38034,                0.37473,                0.12985,                 2.3036,                 1.4587,                 1.2591,              0.0017822,              0.0017822,              0.0017822
                     58,                 2.2575,                 1.3495,                 1.1858,                0.61327,                0.38986,                0.37518,                0.13154,                  2.286,                 1.4978,                 1.2569,              0.0017782,              0.0017782,              0.0017782
                     59,                 2.2628,                 1.3472,                 1.1807,                 0.6573,                0.39977,                0.40971,                0.14223,                 2.3136,                 1.3062,                 1.2732,              0.0017743,              0.0017743,              0.0017743
                     60,                  2.273,                  1.374,                  1.195,                0.64985,                0.39329,                0.41282,                0.14225,                 2.3348,                  1.312,                 1.2806,              0.0017703,              0.0017703,              0.0017703
                     61,                 2.2677,                 1.3644,                 1.1894,                0.65627,                0.39444,                0.41931,                0.14717,                 2.3024,                 1.2567,                 1.2597,              0.0017664,              0.0017664,              0.0017664
                     62,                 2.2492,                 1.3394,                 1.1966,                0.61488,                0.37957,                0.39129,                 0.1385,                 2.3354,                 1.3008,                 1.2879,              0.0017624,              0.0017624,              0.0017624
                     63,                 2.2229,                 1.3375,                 1.2016,                0.67262,                0.39825,                0.41534,                0.14345,                 2.2963,                 1.2851,                 1.2578,              0.0017584,              0.0017584,              0.0017584
                     64,                 2.2401,                 1.3352,                 1.1777,                0.64515,                0.39564,                0.41269,                 0.1456,                 2.3104,                 1.2532,                  1.258,              0.0017545,              0.0017545,              0.0017545
                     65,                 2.2069,                 1.3078,                 1.1924,                0.65842,                 0.3971,                0.41647,                0.14355,                 2.3413,                 1.2685,                 1.2771,              0.0017505,              0.0017505,              0.0017505
                     66,                  2.196,                 1.2855,                 1.1713,                0.67411,                 0.4013,                0.41785,                0.14718,                 2.2979,                 1.2447,                 1.2798,              0.0017466,              0.0017466,              0.0017466
                     67,                 2.1714,                 1.2678,                 1.1814,                0.67799,                0.39405,                0.42056,                 0.1498,                 2.2978,                 1.2462,                 1.2578,              0.0017426,              0.0017426,              0.0017426
                     68,                 2.1601,                 1.2658,                 1.1563,                0.66224,                0.40549,                0.41932,                0.14894,                 2.3032,                 1.2327,                 1.2766,              0.0017386,              0.0017386,              0.0017386
                     69,                 2.1611,                 1.2491,                  1.167,                0.68112,                 0.3872,                0.41992,                0.15155,                 2.3049,                 1.2423,                  1.276,              0.0017347,              0.0017347,              0.0017347
                     70,                 2.1839,                 1.2832,                 1.1677,                 0.6376,                0.40777,                0.39262,                 0.1388,                 2.2713,                 1.2744,                 1.2573,              0.0017307,              0.0017307,              0.0017307
                     71,                 2.1593,                 1.2719,                 1.1623,                0.68828,                0.40091,                0.42873,                0.15172,                 2.3118,                 1.2277,                  1.268,              0.0017268,              0.0017268,              0.0017268
                     72,                 2.1834,                 1.2633,                 1.1628,                0.66905,                0.39984,                0.40822,                0.14147,                 2.2921,                  1.256,                 1.2639,              0.0017228,              0.0017228,              0.0017228
                     73,                 2.1136,                 1.2036,                  1.146,                0.70401,                0.40816,                0.42686,                0.14988,                 2.3179,                 1.2339,                 1.2918,              0.0017188,              0.0017188,              0.0017188
                     74,                 2.1465,                 1.2335,                 1.1513,                0.67404,                0.40348,                0.43067,                0.15325,                 2.3079,                 1.1979,                 1.2891,              0.0017149,              0.0017149,              0.0017149
                     75,                 2.1185,                 1.2242,                 1.1656,                0.67547,                0.41997,                0.43169,                0.15312,                 2.2651,                 1.2005,                 1.2544,              0.0017109,              0.0017109,              0.0017109
                     76,                 2.1377,                 1.2087,                 1.1493,                0.65354,                0.41387,                0.43042,                0.15609,                 2.2788,                 1.2015,                 1.2716,               0.001707,               0.001707,               0.001707
                     77,                  2.155,                 1.2307,                 1.1599,                0.69839,                0.40063,                0.42905,                0.15346,                  2.314,                 1.1729,                 1.2822,               0.001703,               0.001703,               0.001703
                     78,                 2.1288,                 1.2155,                 1.1445,                 0.6814,                0.40591,                0.41808,                0.14492,                 2.3231,                 1.1841,                 1.2914,               0.001699,               0.001699,               0.001699
                     79,                 2.1136,                 1.1944,                 1.1439,                0.68658,                0.39291,                0.41314,                0.14558,                 2.3216,                 1.2377,                 1.2817,              0.0016951,              0.0016951,              0.0016951
                     80,                 2.1258,                 1.2125,                 1.1389,                0.66032,                0.41425,                0.40645,                0.13752,                 2.3589,                 1.3188,                 1.2848,              0.0016911,              0.0016911,              0.0016911
                     81,                 2.1047,                 1.2154,                 1.1446,                0.67219,                0.39855,                0.41224,                0.14474,                 2.3257,                 1.2396,                 1.2799,              0.0016872,              0.0016872,              0.0016872
                     82,                 2.1069,                 1.1922,                 1.1364,                0.66192,                0.40473,                0.42004,                0.14816,                 2.3142,                 1.2091,                 1.2784,              0.0016832,              0.0016832,              0.0016832
                     83,                 2.0913,                  1.201,                 1.1447,                 0.6558,                0.41242,                0.39313,                0.13651,                 2.3156,                 1.2456,                 1.2901,              0.0016792,              0.0016792,              0.0016792
                     84,                 2.1189,                 1.2002,                 1.1303,                0.69512,                0.40968,                0.42636,                0.14792,                 2.3192,                 1.2012,                 1.2853,              0.0016753,              0.0016753,              0.0016753
                     85,                 2.0596,                 1.1629,                 1.1288,                0.70235,                0.41275,                0.43563,                0.15229,                 2.3002,                 1.1526,                 1.2787,              0.0016713,              0.0016713,              0.0016713
                     86,                 2.0702,                 1.1708,                  1.132,                0.63626,                0.41798,                0.38456,                0.13403,                 2.3037,                 1.3491,                 1.2868,              0.0016674,              0.0016674,              0.0016674
                     87,                 2.0743,                  1.161,                 1.1253,                0.66173,                0.42047,                0.40927,                0.14089,                 2.3438,                 1.2193,                 1.2962,              0.0016634,              0.0016634,              0.0016634
                     88,                 2.0747,                 1.1649,                 1.1368,                 0.6832,                0.41197,                0.42352,                0.14984,                 2.3046,                 1.1824,                 1.3025,              0.0016594,              0.0016594,              0.0016594
                     89,                 2.0361,                 1.1253,                 1.1275,                0.66198,                0.41124,                0.41402,                 0.1443,                 2.3286,                 1.1953,                 1.3017,              0.0016555,              0.0016555,              0.0016555
                     90,                 2.0363,                 1.1348,                 1.1217,                0.67254,                0.40473,                0.40974,                0.14328,                 2.3354,                 1.1715,                 1.3051,              0.0016515,              0.0016515,              0.0016515
                     91,                 2.0536,                 1.1327,                 1.1224,                0.68217,                0.41308,                0.43534,                0.15315,                 2.3284,                  1.171,                 1.2944,              0.0016476,              0.0016476,              0.0016476
                     92,                 2.0381,                 1.1382,                 1.1227,                0.68516,                0.41959,                 0.4315,                0.15414,                 2.2832,                 1.1632,                 1.2861,              0.0016436,              0.0016436,              0.0016436
                     93,                 2.0617,                 1.1572,                  1.131,                0.69973,                0.41273,                0.42693,                0.14863,                 2.3356,                 1.1526,                 1.2938,              0.0016396,              0.0016396,              0.0016396
                     94,                 2.0419,                 1.1558,                 1.1099,                0.67035,                0.40739,                0.40466,                0.13899,                 2.3506,                 1.2035,                 1.2975,              0.0016357,              0.0016357,              0.0016357
                     95,                 2.0247,                 1.1199,                 1.1202,                0.66527,                0.40663,                0.43084,                0.15188,                 2.3314,                 1.1877,                 1.2964,              0.0016317,              0.0016317,              0.0016317
                     96,                 2.0152,                 1.1106,                 1.1146,                0.66155,                0.42454,                0.43927,                0.15698,                 2.3121,                 1.1499,                 1.2905,              0.0016278,              0.0016278,              0.0016278
                     97,                 1.9848,                 1.0955,                 1.0985,                 0.6909,                0.42797,                0.44665,                0.15685,                 2.3129,                 1.1614,                  1.317,              0.0016238,              0.0016238,              0.0016238
                     98,                 2.0278,                 1.1171,                 1.1084,                0.69787,                0.41578,                0.43557,                 0.1546,                 2.3227,                 1.1522,                 1.3074,              0.0016198,              0.0016198,              0.0016198
                     99,                 2.0011,                 1.0948,                 1.0803,                0.68533,                0.42607,                0.44942,                0.15871,                 2.3104,                 1.1573,                 1.3017,              0.0016159,              0.0016159,              0.0016159
                    100,                 2.0143,                 1.1184,                  1.123,                0.67934,                0.41822,                0.43459,                0.15275,                 2.3361,                 1.1482,                 1.2984,              0.0016119,              0.0016119,              0.0016119
                    101,                 2.0074,                 1.0944,                 1.1056,                0.67846,                0.41895,                0.42191,                0.15195,                 2.3296,                 1.1358,                 1.3086,               0.001608,               0.001608,               0.001608
                    102,                      2,                 1.0855,                  1.107,                0.70016,                0.41914,                0.44158,                0.15282,                 2.3514,                 1.1514,                 1.3169,               0.001604,               0.001604,               0.001604
                    103,                 1.9686,                 1.0692,                 1.0849,                0.69584,                0.42378,                0.44325,                0.15552,                 2.3463,                 1.1381,                 1.3096,                 0.0016,                 0.0016,                 0.0016
                    104,                 1.9493,                 1.0599,                 1.0926,                0.71374,                 0.4154,                0.44903,                  0.154,                 2.3644,                 1.1349,                 1.3189,              0.0015961,              0.0015961,              0.0015961
                    105,                 1.9702,                 1.0666,                 1.1036,                0.71169,                0.42427,                0.44314,                0.15351,                 2.3649,                 1.1513,                 1.3105,              0.0015921,              0.0015921,              0.0015921
                    106,                 1.9555,                 1.0659,                 1.0971,                 0.6902,                0.41387,                0.44098,                0.14968,                 2.3793,                 1.1659,                 1.3167,              0.0015882,              0.0015882,              0.0015882
                    107,                 1.9428,                 1.0582,                 1.0925,                0.66996,                 0.4295,                0.44862,                0.15648,                 2.3753,                  1.135,                 1.3204,              0.0015842,              0.0015842,              0.0015842
                    108,                 1.9955,                 1.0837,                 1.1059,                0.68217,                0.41959,                0.43301,                0.15297,                  2.349,                  1.153,                 1.3072,              0.0015802,              0.0015802,              0.0015802
                    109,                 1.9434,                  1.055,                 1.0911,                0.68247,                0.42264,                0.43425,                0.15072,                 2.3656,                 1.1498,                 1.3279,              0.0015763,              0.0015763,              0.0015763
                    110,                 1.9619,                 1.0649,                 1.0912,                0.67064,                0.43712,                 0.4491,                0.15637,                  2.354,                 1.1325,                 1.3225,              0.0015723,              0.0015723,              0.0015723
                    111,                 1.9289,                 1.0441,                  1.083,                0.68242,                0.41502,                0.44191,                0.15695,                 2.3655,                 1.1481,                 1.3222,              0.0015684,              0.0015684,              0.0015684
                    112,                 1.9899,                 1.0753,                 1.0869,                0.69209,                0.41463,                0.42192,                0.14722,                 2.3513,                 1.1651,                 1.3229,              0.0015644,              0.0015644,              0.0015644
                    113,                 1.9544,                 1.0652,                  1.094,                0.70585,                0.43559,                0.44273,                0.15035,                 2.3305,                  1.154,                  1.317,              0.0015604,              0.0015604,              0.0015604
                    114,                 1.9293,                 1.0369,                 1.0724,                0.67808,                0.41661,                0.41974,                0.14726,                 2.3729,                 1.1201,                 1.3498,              0.0015565,              0.0015565,              0.0015565
                    115,                  1.954,                 1.0647,                 1.0803,                0.69491,                0.43788,                0.45123,                0.15295,                 2.3765,                 1.1271,                 1.3379,              0.0015525,              0.0015525,              0.0015525
                    116,                 1.9286,                 1.0455,                 1.0849,                 0.6946,                0.43064,                0.45619,                0.15625,                 2.3472,                 1.1315,                 1.3173,              0.0015486,              0.0015486,              0.0015486
                    117,                 1.9205,                 1.0315,                 1.0938,                0.71312,                0.42061,                0.44818,                0.15362,                 2.3439,                 1.1391,                 1.3265,              0.0015446,              0.0015446,              0.0015446
                    118,                 1.9359,                 1.0413,                  1.079,                0.71832,                0.42645,                0.44884,                0.15813,                 2.3472,                 1.1124,                 1.3293,              0.0015406,              0.0015406,              0.0015406
                    119,                 1.9056,                 1.0151,                 1.0706,                0.69843,                0.42645,                  0.448,                0.15448,                 2.3711,                  1.124,                 1.3266,              0.0015367,              0.0015367,              0.0015367
                    120,                 1.8884,                 1.0062,                 1.0689,                0.72952,                0.40854,                0.44745,                0.15893,                 2.3573,                 1.1263,                 1.3357,              0.0015327,              0.0015327,              0.0015327
                    121,                 1.9053,                 1.0472,                 1.0743,                0.69735,                0.43483,                 0.4534,                0.15651,                 2.3573,                 1.1265,                 1.3392,              0.0015288,              0.0015288,              0.0015288
                    122,                 1.8589,                0.99242,                  1.061,                0.68661,                0.43788,                0.44078,                0.15324,                 2.3813,                 1.1174,                 1.3631,              0.0015248,              0.0015248,              0.0015248
                    123,                 1.9114,                 1.0389,                 1.0776,                 0.6955,                0.42569,                0.43857,                0.15588,                 2.3524,                 1.1271,                 1.3323,              0.0015208,              0.0015208,              0.0015208
                    124,                 1.8868,                 1.0098,                 1.0825,                0.69044,                0.42378,                0.44155,                0.15807,                  2.336,                 1.1158,                 1.3283,              0.0015169,              0.0015169,              0.0015169
                    125,                 1.8928,                  1.025,                 1.0866,                0.67446,                0.42188,                0.43832,                0.15141,                 2.3717,                 1.1299,                 1.3465,              0.0015129,              0.0015129,              0.0015129
                    126,                 1.9149,                 1.0113,                 1.0725,                0.67442,                 0.4375,                0.44637,                0.15308,                 2.3622,                 1.1268,                 1.3332,               0.001509,               0.001509,               0.001509
                    127,                 1.9116,                 1.0192,                 1.0768,                0.67857,                0.43848,                0.45211,                0.15513,                  2.369,                 1.1052,                 1.3342,               0.001505,               0.001505,               0.001505
                    128,                 1.8696,                 1.0068,                 1.0744,                0.69559,                0.44055,                0.45852,                0.15746,                 2.3766,                 1.1039,                 1.3426,               0.001501,               0.001501,               0.001501
                    129,                 1.8401,                0.99109,                 1.0572,                0.71139,                0.42988,                0.44655,                 0.1551,                 2.3497,                  1.115,                 1.3383,              0.0014971,              0.0014971,              0.0014971
                    130,                 1.8673,                 1.0033,                 1.0628,                0.67921,                 0.4375,                0.44358,                0.15763,                 2.3434,                   1.11,                 1.3346,              0.0014931,              0.0014931,              0.0014931
                    131,                 1.8667,                0.99382,                 1.0542,                0.68159,                0.43293,                0.44722,                0.15335,                 2.3713,                  1.136,                 1.3411,              0.0014892,              0.0014892,              0.0014892
                    132,                 1.8789,                 1.0002,                 1.0664,                0.67684,                0.43674,                0.44491,                0.15355,                 2.3656,                 1.1239,                   1.35,              0.0014852,              0.0014852,              0.0014852
                    133,                 1.8186,                0.95523,                  1.056,                0.70221,                0.42797,                0.44378,                0.15554,                 2.3512,                 1.1284,                 1.3391,              0.0014812,              0.0014812,              0.0014812
                    134,                 1.8359,                0.98485,                 1.0585,                0.70759,                 0.4314,                0.45422,                0.15708,                  2.343,                  1.086,                 1.3488,              0.0014773,              0.0014773,              0.0014773
                    135,                 1.8313,                0.95758,                 1.0495,                0.68534,                0.42721,                 0.4357,                0.15092,                 2.3543,                 1.1104,                 1.3614,              0.0014733,              0.0014733,              0.0014733
                    136,                 1.8024,                0.96265,                 1.0338,                0.69673,                0.42901,                0.45375,                0.15776,                 2.3684,                 1.1046,                 1.3612,              0.0014694,              0.0014694,              0.0014694
                    137,                 1.8117,                0.95457,                 1.0491,                0.69492,                0.44398,                0.45596,                0.15644,                 2.3623,                 1.0974,                 1.3489,              0.0014654,              0.0014654,              0.0014654
                    138,                 1.7974,                 0.9545,                  1.061,                 0.6672,                0.44284,                0.44548,                0.15166,                 2.3619,                 1.1303,                 1.3539,              0.0014614,              0.0014614,              0.0014614
                    139,                 1.8277,                 0.9771,                 1.0626,                0.68209,                0.44055,                0.43961,                0.15255,                 2.3552,                 1.1255,                 1.3506,              0.0014575,              0.0014575,              0.0014575
                    140,                 1.8328,                0.98083,                 1.0539,                0.72117,                0.41654,                0.44432,                0.15543,                 2.3743,                  1.109,                 1.3469,              0.0014535,              0.0014535,              0.0014535
                    141,                 1.7883,                0.95231,                 1.0479,                0.68217,                0.43941,                0.45345,                0.15582,                 2.3694,                  1.114,                 1.3569,              0.0014496,              0.0014496,              0.0014496
                    142,                 1.8033,                0.96046,                  1.051,                0.69413,                0.43293,                 0.4427,                0.14974,                 2.4004,                  1.127,                 1.3587,              0.0014456,              0.0014456,              0.0014456
                    143,                  1.805,                0.95445,                 1.0412,                0.68278,                0.43407,                0.44443,                0.14973,                 2.3805,                 1.1302,                 1.3743,              0.0014416,              0.0014416,              0.0014416
                    144,                 1.8252,                0.96825,                 1.0506,                0.71558,                0.40846,                0.43249,                0.14918,                 2.3925,                  1.122,                 1.3886,              0.0014377,              0.0014377,              0.0014377
                    145,                 1.7752,                0.93361,                  1.046,                 0.6726,                0.43407,                0.43748,                0.15561,                 2.3607,                 1.1101,                 1.3559,              0.0014337,              0.0014337,              0.0014337
                    146,                 1.8145,                0.96416,                  1.055,                0.69224,                0.43445,                0.44004,                0.15351,                   2.35,                 1.1237,                  1.338,              0.0014298,              0.0014298,              0.0014298
                    147,                 1.8028,                 0.9498,                 1.0486,                0.69086,                0.43436,                0.44688,                0.15555,                   2.39,                 1.1275,                 1.3721,              0.0014258,              0.0014258,              0.0014258
                    148,                  1.885,                0.99543,                 1.0683,                0.68031,                0.42901,                0.43894,                 0.1546,                 2.3531,                 1.1081,                 1.3513,              0.0014218,              0.0014218,              0.0014218
                    149,                 1.7965,                0.93169,                  1.046,                0.69296,                0.43826,                0.44988,                0.15562,                 2.3804,                 1.1126,                 1.3642,              0.0014179,              0.0014179,              0.0014179
                    150,                 1.8116,                0.95242,                 1.0556,                0.65597,                0.43178,                0.43585,                0.15241,                 2.3874,                 1.1315,                 1.3526,              0.0014139,              0.0014139,              0.0014139
                    151,                 1.7784,                0.93548,                 1.0504,                0.67933,                0.43902,                0.44357,                0.15721,                  2.356,                 1.1017,                  1.354,                0.00141,                0.00141,                0.00141
                    152,                 1.7836,                0.93854,                 1.0407,                0.69204,                0.42873,                0.44047,                 0.1549,                 2.3597,                 1.1033,                  1.361,               0.001406,               0.001406,               0.001406
                    153,                 1.7928,                0.94188,                 1.0414,                0.70028,                0.41938,                0.43325,                0.14987,                  2.387,                 1.1145,                 1.3637,               0.001402,               0.001402,               0.001402
                    154,                  1.785,                0.94032,                 1.0347,                0.70544,                0.43178,                0.44295,                0.15532,                 2.3668,                 1.1031,                 1.3647,              0.0013981,              0.0013981,              0.0013981
                    155,                 1.7587,                0.92192,                 1.0325,                0.71006,                0.43369,                0.44608,                0.15686,                 2.3793,                 1.0943,                 1.3736,              0.0013941,              0.0013941,              0.0013941
                    156,                 1.7455,                0.91332,                 1.0296,                0.69098,                0.44055,                0.45495,                0.15793,                 2.3712,                 1.0998,                 1.3628,              0.0013902,              0.0013902,              0.0013902
                    157,                 1.7583,                0.91141,                 1.0285,                0.68774,                0.43293,                0.44858,                0.15256,                 2.3925,                    1.1,                 1.3678,              0.0013862,              0.0013862,              0.0013862
                    158,                 1.7666,                0.92287,                 1.0397,                0.67424,                0.43407,                0.43108,                 0.1497,                 2.3832,                 1.1126,                 1.3748,              0.0013822,              0.0013822,              0.0013822
                    159,                 1.8012,                0.96247,                 1.0401,                0.67222,                0.43369,                0.42717,                 0.1477,                 2.3871,                 1.1263,                 1.3798,              0.0013783,              0.0013783,              0.0013783
                    160,                 1.7436,                0.91502,                 1.0249,                0.67856,                0.43559,                0.44389,                0.15363,                 2.3763,                 1.0977,                 1.3554,              0.0013743,              0.0013743,              0.0013743
                    161,                 1.7503,                0.90787,                 1.0279,                0.69654,                0.42862,                 0.4304,                0.15048,                 2.3879,                 1.1113,                 1.3793,              0.0013704,              0.0013704,              0.0013704
                    162,                 1.7488,                0.91064,                 1.0191,                0.68396,                0.43331,                 0.4411,                0.15023,                  2.391,                 1.1063,                 1.3828,              0.0013664,              0.0013664,              0.0013664
                    163,                 1.7324,                0.90262,                 1.0275,                0.69524,                0.42683,                0.44361,                0.15066,                 2.4057,                 1.1132,                 1.3733,              0.0013624,              0.0013624,              0.0013624
                    164,                 1.7507,                0.91295,                 1.0272,                 0.7127,                0.43102,                   0.45,                0.15428,                 2.3834,                 1.1052,                 1.3691,              0.0013585,              0.0013585,              0.0013585
                    165,                 1.7472,                0.90958,                 1.0225,                0.70894,                0.42645,                0.43368,                0.14953,                 2.3886,                 1.1164,                 1.3698,              0.0013545,              0.0013545,              0.0013545
                    166,                 1.7215,                0.89294,                 1.0245,                0.70473,                0.42226,                0.44347,                0.15133,                 2.3995,                 1.1091,                 1.3681,              0.0013506,              0.0013506,              0.0013506
                    167,                 1.7372,                0.90584,                 1.0204,                0.68862,                0.43572,                0.43788,                0.14891,                  2.406,                 1.1088,                 1.3833,              0.0013466,              0.0013466,              0.0013466
                    168,                 1.7468,                0.91076,                 1.0451,                0.68494,                0.43331,                0.44071,                0.15212,                 2.3994,                 1.1212,                 1.3826,              0.0013426,              0.0013426,              0.0013426
                    169,                 1.6837,                0.87744,                 1.0172,                0.71509,                0.43788,                0.45008,                0.15823,                 2.3848,                 1.0953,                 1.3817,              0.0013387,              0.0013387,              0.0013387
                    170,                 1.7383,                0.90692,                 1.0306,                0.70302,                0.42378,                0.43519,                0.15034,                 2.3837,                  1.107,                 1.3723,              0.0013347,              0.0013347,              0.0013347
